Earth x,Earth y,Earth z
1233.45113201713,188.593036502644,833.512480836506
1224.74619561698,184.721726210254,846.722367866131
1215.89910292468,180.828994856923,859.828049907451
1206.91103382174,176.915318376112,872.828017776789
1197.78318155948,172.981173378658,885.720783013934
1188.51675750768,169.027039275846,898.504870741811
1179.11298534617,165.053395810335,911.178827572797
1169.57310593122,161.060725181798,923.741214564146
1159.89837128955,157.049509549238,936.190614954747
1150.09005132027,153.020233893559,948.525625073807
1140.14942813793,148.973383674074,960.744861486047
1130.07779609089,144.909444906781,972.846960465141
1119.87646580074,140.828905845336,984.830572859052
1109.54675822731,136.73225460642,996.694370967953
1099.09000783484,132.619980507259,1008.43704442297
1088.50756050045,128.492573256633,1020.0573023101
1077.80077688739,124.350524329887,1031.55386921406
1066.9710271327,120.194324907837,1042.92549080695
1056.0196913693,116.024466150114,1054.17093279115
1044.94816464301,111.841441123087,1065.28897560021
1033.75785099805,107.645742547978,1076.27842031451
1022.45016455529,103.437863266645,1087.13808717802
1011.02652920749,99.2182961786282,1097.86681558081
999.488382307096,94.9875356319918,1108.46346041359
987.837165967758,90.746074233257,1118.9268999034
976.074335218559,86.4944059114917,1129.25602779036
964.201352746385,82.2330240081454,1139.44975789999
952.219692191698,77.9624225118157,1149.50702102381
940.130833777667,73.6830945097734,1159.4267684264
927.936264481745,69.3955323072041,1169.20797128562
915.637484107686,65.1002296090824,1178.84961561429
903.235996631702,60.7976784842909,1188.35070901355
890.733314119923,56.488370787775,1197.71027722359
878.130957602885,52.1727984935176,1206.92736331633
865.430453039785,47.8514523268413,1216.00103046562
852.633334869399,43.524823018939,1224.9303591014
839.74114361307,39.1934005193347,1233.71444844634
826.75542673787,34.8576743127479,1242.3524156952
813.677735623158,30.5181324373527,1250.84339779834
800.509632104966,26.1752637013991,1259.18654698622
787.252678065777,21.8295542345952,1267.38103727573
773.908444871189,17.4814906672181,1275.42605821884
760.478508044696,13.1315583779158,1283.32081810274
746.964448797052,8.78024203479811,1291.06454280736
733.367852069236,4.42802498129924,1298.65647673958
719.690307491047,0.0753895807597744,1306.09588204943
705.933410979019,-4.27718225229349,1313.38203761411
692.098760417427,-8.62921040226523,1320.51424118198
678.187959617547,-12.9802152715555,1327.49180707382
664.202616385329,-17.329718370928,1334.31406706487
650.144341132082,-21.6772427286024,1340.98037086675
636.014747903818,-26.0223125392498,1347.49008541447
621.815455453499,-30.3644528129848,1353.84259423337
607.548085263822,-34.7031899673182,1360.03729820839
593.214263246062,-39.0380512855661,1366.07361468611
578.815614010294,-43.3685666353633,1371.95097970665
564.353770660119,-47.6942654709229,1377.66884376915
549.830366591023,-52.0146793121828,1383.22667513247
535.247036580206,-56.3293413774762,1388.62395912179
520.60541980449,-60.6377856659017,1393.8601968548
505.907158485946,-64.9395473519377,1398.93490568678
491.153893956187,-69.2341639207096,1403.84762040818
476.347270974262,-73.5211738733094,1408.5978915683
461.488939571803,-77.8001161892848,1413.18528487408
446.580547275711,-82.0705325628034,1417.60938352724
431.623746030114,-86.3319653855114,1421.86978591398
416.620189574665,-90.5839584875702,1425.96610634896
401.571532036533,-94.8260575254374,1429.89797533089
386.47942849298,-99.057809796708,1433.665039229
371.345538795214,-103.27876315911,1437.26695926131
356.171522950063,-107.488467321762,1440.70341260926
340.959039050612,-111.686474395166,1443.97409268721
325.709750423905,-115.872336892698,1447.07870745651
310.425320321765,-120.045609198922,1450.01698055959
295.10741382983,-124.205847030985,1452.78865083452
279.757695157888,-128.35260816553,1455.3934727244
264.377832219812,-132.485451184601,1457.83121539778
248.969491939037,-136.60393674056,1460.10166349809
233.534342181226,-140.707627019888,1462.20461672034
218.074053040156,-144.796085396228,1464.13988960154
202.590294803817,-148.868876966165,1465.90731176348
187.084739898876,-152.92556803197,1467.50672763899
171.559056825026,-156.965727680198,1468.93799702744
156.014920837966,-160.988924982213,1470.20099398984
140.454005197653,-164.994731282003,1471.29560771108
124.877982462336,-168.982719842031,1472.22174225308
109.288528491129,-172.952464812891,1472.9793162825
93.6873170236511,-176.903542619219,1473.56826336964
78.0760250329726,-180.835530593077,1473.98853170935
62.4563273101414,-184.748008344003,1474.24008431083
46.8299018117804,-188.640556410598,1474.32289884323
31.1984235619962,-192.512757784779,1474.23696770921
15.5635734022253,-196.364195739059,1473.98229805136
-0.0729735299477249,-200.194456678214,1473.55891167303
-15.7095397177682,-204.003128135231,1472.96684506713
-31.3444446373468,-207.789798635361,1472.2061495714
-46.9760095018023,-211.554058855839,1471.27689122184
-62.6025559475784,-215.295501301069,1470.17915076333
-78.222406069074,-219.013720309235,1468.91302363456
-93.8338777343536,-222.708310947226,1467.4786204158
-109.4352927143,-226.378870948089,1465.87606620197
-125.024972664759,-230.024999752177,1464.10550089839
-140.601235137768,-233.646297588907,1462.16707978019
-156.162401690535,-237.242367377625,1460.06097261609
-171.706792550355,-240.812813485109,1457.78736430772
-187.232729333189,-244.35724236147,1455.34645457451
-202.73852974039,-247.87526134002,1452.73845885961
-218.222514980341,-251.366480339317,1449.96360724298
-233.683007795737,-254.830511408302,1447.02214470947
-249.118328504978,-258.266967850728,1443.91433196391
-264.526796411198,-261.675464564425,1440.64044534757
-279.906734524736,-265.055619092228,1437.20077590991
-295.256466942573,-268.407051040768,1433.59562993524
-310.574311631811,-271.729380533696,1429.82533080852
-325.858595078936,-275.022231406918,1425.89021562918
-341.107641098379,-278.285228783303,1421.79063792738
-356.319774217543,-281.517999826849,1417.52696698364
-371.493317794177,-284.720173362424,1413.0995884928
-386.626598700304,-287.891380878029,1408.50890333882
-401.717946723629,-291.031256396559,1403.75532774644
-416.765686834201,-294.139434894736,1398.83929585229
-431.768150379925,-297.215554636567,1393.76125631751
-446.7236667031,-300.259255464709,1388.52167512762
-461.630568462229,-303.270179901636,1383.12103395688
-476.4871897704,-306.2479727877,1377.55983088985
-491.291865045604,-309.192281068992,1371.83858100948
-506.042931046368,-312.102754228433,1365.9578157901
-520.73872634924,-314.979044199567,1359.91808341987
-535.37759149189,-317.820805409145,1353.71994888834
-549.957867838272,-320.627694585123,1347.36399463791
-564.477902745646,-323.399371765164,1340.85081844938
-578.936042156747,-326.135498898667,1334.18103682409
-593.33063579605,-328.835740861845,1327.35528289228
-607.66003542554,-331.499765156185,1320.37420735717
-621.922596874869,-334.12724230123,1313.23847767927
-636.116678947256,-336.71784565226,1305.94877873645
-650.240641758863,-339.271251129419,1298.50581388669
-664.292850594539,-341.787137938263,1290.9103031649
-678.271674836394,-344.265188390726,1283.16298394354
-692.175483920505,-346.705087233876,1275.26461339987
-706.002654797307,-349.106522974611,1267.21596457254
-719.751568456108,-351.469187292076,1259.01782839509
-733.420607178049,-353.792774606022,1250.67101559051
-747.008159513544,-356.076982953818,1242.17635394338
-760.512619273941,-358.321513837712,1233.53468902737
-773.932385147804,-360.526072186514,1224.74688462423
-787.265859771717,-362.690366236195,1215.81382356503
-800.511451121108,-364.814107795979,1206.73640706925
-813.667575024324,-366.897012658784,1197.51555318681
-826.73264911088,-368.938799691315,1188.15220121787
-839.705099899132,-370.939191972429,1178.64730701122
-852.583361273203,-372.897916569108,1169.0018441159
-865.365870831161,-374.814704023665,1159.21680674252
-878.051073518511,-376.689288940068,1149.29320735994
-890.637422947146,-378.521410197814,1139.23207582125
-903.123377824038,-380.310810470237,1129.03446240643
-915.507407105167,-382.057236987406,1118.70143391596
-927.787983792456,-383.760440712738,1108.23407900999
-939.963592720101,-385.420177440112,1097.63350195952
-952.03272494071,-387.036207064525,1086.9008275897
-963.993879642765,-388.60829388629,1076.03719997561
-975.845568025381,-390.136207137471,1065.04377912162
-987.586307384061,-391.619720252292,1053.921746574
-999.214625533054,-393.058611480257,1042.67230166865
-1010.72905956039,-394.452663766118,1031.29666293418
-1022.12815812161,-395.80166504547,1019.79606608034
-1033.41047824994,-397.105407917881,1008.17176742197
-1044.57458912115,-398.363690117051,996.425040368802
-1055.61907085366,-399.576314401468,984.557176839597
-1066.54251385698,-400.743088538358,972.569488256206
-1077.34352107256,-401.863825558831,960.463303408299
-1088.02070498778,-402.938343518135,948.239972063157
-1098.57269443475,-403.966466195172,935.900857512411
-1108.99812704429,-404.948022389663,923.44734544038
-1119.29565552044,-405.882846565244,910.880836947155
-1129.4639443172,-406.77077858082,898.202752725387
-1139.50167132756,-407.611663887762,885.414531360088
-1149.40752947267,-408.405353689498,872.517627534189
-1159.18022440706,-409.151704800108,859.513515220643
-1168.81847616133,-409.850579818559,846.403685913226
-1178.32102026104,-410.501847249835,833.189647350573
-1187.68660759058,-411.105381510977,819.872923890102
-1196.91400149253,-411.6610628221,806.455060997305
-1206.00198453485,-412.168777638023,792.937615855668
-1214.9493539346,-412.628418414083,779.322164091722
-1223.75492196421,-413.039883685948,765.610299654342
-1232.41751745365,-413.403078204975,751.803632908463
-1240.93598719226,-413.717913024094,737.903788634914
-1249.30919615023,-413.984305505908,723.912405757068
-1257.53602342959,-414.202179285727,709.831144419024
-1265.6153684075,-414.371464466122,695.661676103211
-1273.54614807612,-414.492097586745,681.405688229225
-1281.3272970428,-414.564021670198,667.064884553697
-1288.95776852543,-414.587186297365,652.640983734688
-1296.43653528781,-414.561547632617,638.135717820793
-1303.76258953993,-414.487068452793,623.550832599516
-1310.93494103385,-414.36371823425,608.888091766567
-1317.95262113704,-414.191473134634,594.149269109159
-1324.8146805654,-413.970316051202,579.336153250512
-1331.52019084692,-413.700236637701,564.450544847166
-1338.06824257465,-413.381231407989,549.494260778958
-1344.45794800186,-413.013303689361,534.469128751962
-1350.68844093462,-412.596463627509,519.376987595188
-1356.75887535036,-412.130728334513,504.219690867154
-1362.66842779992,-411.616121747086,488.999101325972
-1368.41629553296,-411.052674837893,473.717095860066
-1374.00169902525,-410.440425392778,458.375559224875
-1379.42387924294,-409.779418368978,442.976391658575
-1384.68210102648,-409.069705537912,427.521499934433
-1389.77565135266,-408.31134572396,412.012802317358
-1394.70384024154,-407.504404720803,396.452226221479
-1399.46600031133,-406.648955410042,380.841709874685
-1404.06148743427,-405.745077702748,365.183200628585
-1408.48968148932,-404.792858406057,349.478652555701
-1412.74998533828,-403.792391486571,333.730030156082
-1416.84182581788,-402.743777874964,317.939305254124
-1420.76465351464,-401.647125591837,302.108458021709
-1424.51794361129,-400.502549509869,286.239473833213
-1428.10119500829,-399.31017165796,270.334347000366
-1431.51393086649,-398.070121124411,254.395079028435
-1434.755699601,-396.782533699004,238.423674089009
-1437.82607391536,-395.447552234143,222.422143437922
-1440.72465074968,-394.065326773807,206.392506420492
-1443.45105234337,-392.636014117032,190.336785236831
-1446.0049260117,-391.159777898975,174.257005914087
-1448.38594410308,-389.636788624896,158.155198595142
-1450.59380380829,-388.067223856611,142.033399225267
-1452.62822785965,-386.451267772794,125.893644971472
-1454.48896433465,-384.78911125434,109.737975196548
-1456.17578625676,-383.080952315554,93.5684352512889
-1457.68849234039,-381.326995465087,77.3870704663613
-1459.02690686362,-379.527451730028,61.1959264427471
-1460.19087939384,-377.682539008088,44.9970521334602
-1461.180285047,-375.792481797998,28.7924973349372
-1461.99502460272,-373.857510892396,12.5843101722095
-1462.63502422968,-371.877863924011,-3.62545841333843
-1463.10023577409,-369.853784626699,-19.8347606781819
-1463.39063652663,-367.785523487645,-36.0415468870492
-1463.50622937367,-365.673336970372,-52.2437713290168
-1463.44704265966,-363.51748810899,-68.4393878158044
-1463.2131302458,-361.318246263066,-84.6263515103064
-1462.80457135867,-359.075886376344,-100.802624217158
-1462.22147065569,-356.790690082074,-116.966166399863
-1461.46395814286,-354.462944966369,-133.11494248337
-1460.53218894061,-352.092944178571,-149.246923341238
-1459.42634362208,-349.680987495863,-165.360079040492
-1458.14662757171,-347.227379812706,-181.452388971389
-1456.69327142662,-344.732432322864,-197.52183390139
-1455.06653050539,-342.196461471364,-213.566402628236
-1453.26668511734,-339.619789656966,-229.584087498304
-1451.29404029636,-337.00274483009,-245.572886882401
-1449.14892548732,-334.345660181939,-261.530806932929
-1446.83169455001,-331.648874275679,-277.455860584131
-1444.34272584249,-328.912731227893,-293.346066537428
-1441.68242191639,-326.137580381808,-309.199451028065
-1438.85120898827,-323.323775864991,-325.014050224849
-1435.8495377341,-320.471677473832,-340.78790513622
-1432.67788162545,-317.581649103726,-356.519070144922
-1429.33673827026,-314.654060156508,-372.205605177533
-1425.82662879823,-311.68928498342,-387.845578783726
-1422.14809706338,-308.687702241397,-403.437071204923
-1418.3017101895,-305.649695483192,-418.978171300066
-1414.2880577385,-302.575652522812,-434.466979582682
-1410.107751985,-299.465965741395,-449.901606525035
-1405.76142717047,-296.321031598016,-465.280174866826
-1401.2497407989,-293.14125162767,-480.600814632751
-1396.57337096382,-289.927030558497,-495.861672058989
-1391.7330186305,-286.678778028055,-511.060901285639
-1386.72940454752,-283.396906503654,-526.19667386624
-1381.56327280001,-280.08183376374,-541.267167249271
-1376.23538695423,-276.733980362043,-556.27057619549
-1370.74653124686,-273.353770523063,-571.205108446783
-1365.09751206561,-269.941633111768,-586.068980497386
-1359.28915361636,-266.497998985519,-600.860428814777
-1353.32230175501,-263.023303448808,-615.577699140819
-1347.19782128566,-259.517984640542,-630.21905317391
-1340.91659751703,-255.982484538192,-644.782764341615
-1334.47953387348,-252.417247600191,-659.267123118107
-1327.887551777,-248.822720817298,-673.670436547526
-1321.14159380212,-245.199355505026,-687.991021009143
-1314.2426188829,-241.547604704131,-702.227212391728
-1307.19160425573,-237.867924321461,-716.377361305378
-1299.98954520783,-234.16077304041,-730.439833294676
-1292.63745578842,-230.426612738798,-744.413007228616
-1285.13636472274,-226.665906421112,-758.295282743318
-1277.48731886432,-222.879120078258,-772.085073129905
-1269.6913820123,-219.066722113581,-785.780807348672
-1261.74963430233,-215.229183083151,-799.380930796296
-1253.66317085763,-211.366975102837,-812.883907194599
-1245.43310319056,-207.480572590297,-826.288215788382
-1237.0605593264,-203.57045233779,-839.592350965219
-1228.54668027175,-199.637091909573,-852.794827544054
-1219.89262367123,-195.680971416349,-865.894174575461
-1211.09956060139,-191.70257205755,-878.8889400389
-1202.16867634815,-187.702376544959,-891.777689218795
-1193.10117129255,-183.680869544339,-904.559003154822
-1183.8982574987,-179.638536182516,-917.231483168562
-1174.56116314787,-175.575864087425,-929.79374433893
-1165.09112708515,-171.493340991905,-942.244422723385
-1155.48940169576,-167.391456073717,-954.582171032507
-1145.75725139822,-163.270699337705,-966.805660323129
-1135.89595360937,-159.131562074559,-978.913578470543
-1125.90679720672,-154.974536243015,-990.904631817613
-1115.79108309003,-150.800114752818,-1002.77754417485
-1105.55012213954,-146.608790654907,-1014.53105890854
-1095.18523755677,-142.40105817011,-1026.16393588835
-1084.69776328592,-138.17741205437,-1037.67495308849
-1074.08904235582,-133.93834698026,-1049.06290806917
-1063.36042931665,-129.684358568451,-1060.32661500971
-1052.51328909954,-125.415942953473,-1071.4649057553
-1041.54899391173,-121.133595594631,-1082.4766326863
-1030.46892620869,-116.837812510258,-1093.3606653047
-1019.27447944265,-112.529090583307,-1104.11588936469
-1007.96705446897,-108.207926199238,-1114.74121015634
-996.548060202569,-103.874815552917,-1125.235551503
-985.018913828169,-99.5302547612392,-1135.59785527379
-973.381042068325,-95.1747403835769,-1145.82708003105
-961.635877432245,-90.8087680308964,-1155.92220412069
-949.784860968625,-86.4328334554038,-1165.88222294786
-937.829442059784,-82.0474324863912,-1175.70614900232
-925.771076657542,-77.6530604048213,-1185.39301311848
-913.611224923113,-73.2502111304765,-1194.94186602817
-901.351356736781,-68.8393792775647,-1204.35177371844
-888.992947839784,-64.4210587545901,-1213.62182034466
-876.537478517247,-59.9957423384346,-1222.75110891616
-863.986437125261,-55.5639229729862,-1231.73875844539
-851.341315573546,-51.1260921824501,-1240.58390703548
-838.603613453022,-46.6827415713971,-1249.2857087036
-825.774833461814,-42.2343612371159,-1257.84333636439
-812.856485044468,-37.7814410801823,-1266.25597910824
-799.850083135474,-33.3244703888397,-1274.52284291903
-786.757144001628,-28.8639364293239,-1282.64315306713
-773.579191806595,-24.4003267460683,-1290.61614973478
-760.317753940119,-19.934127573413,-1298.44109080213
-746.974361961212,-15.4658241900174,-1306.11725103969
-733.550551426207,-10.9959008869503,-1313.64392201968
-720.047862306563,-6.52484113157466,-1321.02041171055
-706.467837078031,-2.05312695512445,-1328.24604534486
-692.812021710645,2.41876068831014,-1335.32016465799
-679.08196731,6.89034135693573,-1342.2421269024
-665.279225817495,11.3611365193806,-1349.01130688337
-651.405354623534,15.8306680136906,-1355.6270944661
-637.461911646721,20.2984596342342,-1362.08889682537
-623.450459402064,24.7640357816394,-1368.3961363261
-609.372563077136,29.2269220741619,-1374.54825131957
-595.229788571609,33.6866459459217,-1380.54469681405
-581.023706639172,38.1427353100445,-1386.38494253664
-566.755887273278,42.5947203128859,-1392.06847514983
-552.427906969588,47.0421310324443,-1397.59479516531
-538.041339986168,51.4845002014426,-1402.9634202886
-523.597765653863,55.9213609044748,-1408.17388242795
-509.098762075212,60.3522485106492,-1413.22572991708
-494.545914150981,64.7766981910505,-1418.11852455319
-479.94080283666,69.1942481966746,-1422.85184519954
-465.285012565477,73.6044375613882,-1427.42528505832
-450.580132483898,78.0068057282147,-1431.83845130995
-435.827748747508,82.4008948621313,-1436.09096736933
-421.02945271147,86.786247368109,-1440.18247030394
-406.186831923472,91.1624085662169,-1444.11261329072
-391.301481576395,95.5289232769425,-1447.88106239018
-376.374993555486,99.8853390566319,-1451.48749940842
-361.408960201278,104.23120505797,-1454.93162070589
-346.404981387002,108.56606996814,-1458.21313556915
-331.364650225163,112.889486156838,-1461.33176938024
-316.289564021905,117.201006472088,-1464.28726101458
-301.181320983179,121.500185195265,-1467.07936354152
-286.041522145403,125.78657748292,-1469.70784383073
-270.871766755755,130.059740673903,-1472.17248332116
-255.673653520995,134.319233911986,-1474.47307763227
-240.448785169076,138.564616857326,-1476.60943581943
-225.198764484781,142.795450802141,-1478.58138099191
-209.925192948995,147.011299034442,-1480.38875038059
-194.629674000521,151.211725922733,-1482.03139485143
-179.313814341308,155.396296563705,-1483.50917881676
-163.979215966646,159.564578959436,-1484.82198097969
-148.627484074008,163.716141839297,-1485.96969346429
-133.260224393033,167.850555392102,-1486.95222208487
-117.879044503743,171.967390909665,-1487.76948625641
-102.485551805082,176.066221334148,-1488.42141911899
-87.0813501713983,180.146622133685,-1488.90796757034
-71.6680505792976,184.208168478608,-1489.22909187232
-56.2472591051195,188.250438425432,-1489.38476605396
-40.820585565822,192.273010631079,-1489.37497767034
-25.3896381630879,196.275465761248,-1489.19972788849
-9.95602546928194,200.2573859655,-1488.85903143522
5.47864159180503,204.218354371226,-1488.35291667722
20.9127544376909,208.157956292666,-1487.68142550748
36.344702166075,212.075778034578,-1486.84461349206
51.7728742577389,215.971407588343,-1485.84254980396
67.1956585786402,219.844434130921,-1484.67531736878
82.6114474193654,223.694449538555,-1483.34301240688
98.0186268395965,227.521045723149,-1481.8457453022
113.415585361149,231.323816816269,-1480.1836399721
128.800711989741,235.102358671452,-1478.35683400501
144.172395573278,238.856268708865,-1476.36547875055
159.529023501141,242.58514560698,-1474.20973955256
174.868983068169,246.288589645595,-1471.8897956549
190.190663479414,249.9662031929,-1469.40583991663
205.492451921755,253.617589764255,-1466.75807946034
220.772734919266,257.242354365666,-1463.94673558232
236.029902333105,260.840104443985,-1460.97204305073
251.262342765501,264.410448802233,-1457.83425096196
266.46844230932,267.952997327245,-1454.53362316278
281.64658918673,271.467362088887,-1451.07043738633
296.79517313941,274.95315719409,-1447.44498537115
311.912582184638,278.40999805515,-1443.65757369933
326.997204663823,281.837501873424,-1439.70852344696
342.047431224183,285.235288100615,-1435.59816972037
357.061650985866,288.60297757951,-1431.32686275205
372.038254199021,291.940193162521,-1426.89496730747
386.97563038191,295.246559308304,-1422.30286333331
401.872173535041,298.521703246579,-1417.55094444386
416.72627447604,301.765253302121,-1412.63962038361
431.536325447056,304.976839929411,-1407.56931576264
446.300721449131,308.156096011627,-1402.34046965487
461.017855232085,311.30265579663,-1396.95353746891
475.686125653995,314.416156698281,-1391.40898805428
490.303926333268,317.496236907613,-1385.70730801542
504.869657172025,320.542537844776,-1379.84899752687
519.381716850696,323.554702596953,-1373.83457331478
533.838506099192,326.532376623835,-1367.66456753645
548.238426555063,329.475207540565,-1361.33952839354
562.579882735009,332.382845542269,-1354.86001941493
576.861280913733,335.254943185312,-1348.22662005881
591.081028007355,338.091155193228,-1341.43992640546
605.237533563674,340.891138876288,-1334.50055040828
619.329208665396,343.654553936595,-1327.40912057486
633.354467897124,346.38106287315,-1320.16628114555
647.311728254235,349.070330787536,-1312.77269276733
661.199407494789,351.722025096831,-1305.22903357321
675.015928496774,354.335816390837,-1297.5359970272
688.759714625088,356.911377574992,-1289.69429461603
702.429194672458,359.448384819194,-1281.70465327965
716.022798255946,361.946516737435,-1273.56781821616
729.538961894437,364.40545551724,-1265.2845494796
742.976119808689,366.824885288824,-1256.85562775348
756.33271464387,369.204494081819,-1248.2818480218
769.607194070045,371.543973226587,-1239.56402168328
782.798004699305,373.843016322669,-1230.70298080298
795.903602023187,376.101321010306,-1221.69957181397
808.922443200708,378.3185877353,-1212.5546605035
821.852992901105,380.494520785426,-1203.26912820858
834.693716235862,382.628827136571,-1193.8438770566
847.443088467122,384.72121808912,-1184.27982319564
860.099588501805,386.771408217801,-1174.57790165073
872.661698090199,388.779115297845,-1164.73906732649
885.127908604871,390.744061407681,-1154.7642899986
897.496714186863,392.6659718901,-1144.65455988013
909.766619525429,394.544576571611,-1134.41088159446
921.93613100131,396.379608456826,-1124.0342816619
934.003763886724,398.170804856156,-1113.52580285319
945.968041474848,399.917907272816,-1102.88650503155
957.827492220997,401.620661029133,-1092.11746793204
969.580653631841,403.278815860152,-1081.21978798019
981.226070953527,404.892125753961,-1070.19457966119
992.762296925864,406.460348965077,-1059.04297602413
1004.18789110393,407.983247961804,-1047.7661296847
1015.50142408565,409.460590023738,-1036.36520895209
1026.70147429065,410.892146850069,-1024.84140119255
1037.78662971561,412.277694823924,-1013.19591135553
1048.7554867711,413.6170149104,-1001.4299634645
1059.60665201141,414.909892910821,-989.544799100809
1070.33874194149,416.156119468033,-977.541677862924
1080.95038283365,417.355490099046,-965.421877868339
1091.44021284763,418.507805466057,-953.186693613909
1101.80687913557,419.612871093919,-940.837439594285
1112.04904174532,420.670497840113,-928.37544603667
1122.16537077928,421.680501628185,-915.802062548607
1132.15454762121,422.642703635023,-903.118657031079
1142.01526823004,423.556930628227,-890.326611743135
1151.7462382611,424.423014553731,-877.427329788554
1161.34617682341,425.240792936745,-864.422230665163
1170.81381550408,426.010108840153,-851.312751830592
1180.14790031551,426.730811046323,-838.100346320035
1189.34718913438,427.402753919949,-824.786486622225
1198.41045484934,428.025797682549,-811.372660577199
1207.33648442574,428.599808382181,-797.86037294649
1216.12407845346,429.124657920062,-784.251146463776
1224.77205299523,429.600224206164,-770.546519362655
1233.27923727435,430.026391092824,-756.748049375658
1241.64447878902,430.403048669663,-742.857305864016
1249.8666394992,430.730093105999,-728.875876151813
1257.94459551665,431.007426734676,-714.805366648056
1265.87724130649,431.234958235363,-700.647396015799
1273.66348745869,431.412602596622,-686.403599197982
1281.30226068752,431.540281180942,-672.07562786879
1288.79250483205,431.617921801624,-657.665149024794
1296.13318177801,431.645458772147,-643.173843525148
1303.3232713769,431.62283293841,-628.603406474888
1310.36176958151,431.549991773348,-613.955551442156
1317.24769247952,431.426889372939,-599.232002664232
1323.98007463806,431.253486515122,-584.43449857481
1330.55796770223,431.029750771523,-569.564795417073
1336.98044443349,430.755656433424,-554.624658693486
1343.24659580556,430.431184659229,-539.615869945239
1349.35553245307,430.056323479847,-524.540223940089
1355.30638544019,429.631067800985,-509.399527100911
1361.09830596165,429.155419460693,-494.195598515221
1366.73046488063,428.629387337169,-478.930271632478
1372.20205494696,428.052987197338,-463.605388719259
1377.5122879327,427.426242056752,-448.222809144871
1382.66039909785,426.749181721769,-432.784397167432
1387.64564346996,426.021843289683,-417.292032896245
1392.46729796527,425.244270955033,-401.74760668227
1397.12466197917,424.416515939351,-386.153017435407
1401.61705596483,423.538636820432,-370.510177694078
1405.94382422998,422.610699021146,-354.821004506249
1410.10433184676,421.632775526618,-339.087430598274
1414.09796755601,420.604946320932,-323.311394562263
1417.9241428104,419.527298644107,-307.494844569133
1421.5822920019,418.399927011145,-291.639738026715
1425.07187312652,417.222933065513,-275.748039169754
1428.392367468,415.996425730751,-259.821720750406
1431.54328007323,414.720521102185,-243.862762298
1434.52413949721,413.395342628694,-227.873151828362
1437.33449839704,412.021020924625,-211.854883389178
1439.97393330684,410.597693959432,-195.809958768107
1442.4420457886,409.1255064631,-179.740380866436
1444.73846067234,407.604611018653,-163.648165106409
1446.86282806415,406.035166941011,-147.535327248906
1448.81482263681,404.41734070169,-131.403887852221
1450.59414329883,402.751306363766,-115.255876067328
1452.2005143856,401.037244614756,-99.0933201791946
1453.63368478776,399.27534362673,-82.9182555748765
1454.89342874047,397.465798265179,-66.732717360152
1455.97954519082,395.608811011785,-50.538748340372
1456.8918586016,393.704590902021,-34.3383895364987
1457.63021859354,391.75335402803,-18.133684654539
1458.1944999922,389.755323705196,-1.92668109020166
1458.58460308462,387.710729821784,14.2805753817479
1458.80045346162,385.619809494526,30.4860354309873
1458.84200217957,383.482806233803,46.687652856732
1458.70922571656,381.299971090814,62.8833759274687
1458.40212600518,379.071561008392,79.0711596778339
1457.92073041013,376.797840002798,95.2489572239081
1457.26509178121,374.479078840519,111.414722277306
1456.43528840108,372.115554783053,127.566410954899
1455.43142402025,369.707551736353,143.701980793443
1454.25362759627,367.255359652249,159.819394645792
1452.90205378092,364.759275666924,175.916613416686
1451.376882243,362.219602615149,191.991605540502
1449.67831792273,359.636649727158,208.042342496756
1447.80659109138,357.010732685718,224.066798529174
1445.76195726389,354.342173457703,240.062951749712
1443.54469646479,351.631299389308,256.028789369208
1441.15511408729,348.878444425238,271.962300488909
1438.59354064321,346.083948704785,287.861478590368
1435.86033076341,343.248157509174,303.724327408902
1432.95586440842,340.371422644171,319.548853095796
1429.88054520294,337.454100744289,335.333073496298
1426.6348019142,334.496554832585,351.075009641599
1423.21908718252,331.49915309821,366.772692273294
1419.63387837502,328.462269716112,382.424157472207
1415.87967609464,325.386283588625,398.027453110286
1411.9570048762,322.271579028441,413.580635150773
1407.86641341881,319.118545970635,429.081766670286
1403.60847321441,315.92757891413,444.528922917081
1399.18377958441,312.699077791522,459.920186972995
1394.59295099922,309.433447478135,475.25365211047
1389.83662846975,306.131097407444,490.527423450132
1384.91547570841,302.79244174408,505.739616967348
1379.83017937211,299.417899605781,520.888358498288
1374.58144846229,296.007894669797,535.971785401109
1369.17001363459,292.562854772332,550.988048167896
1363.59662739558,289.083212115527,565.935309407219
1357.86206462531,285.569403615781,580.811742239449
1351.96712038851,282.021869588646,595.615535735089
1345.91261243274,278.441055345764,610.344888147173
1339.69937843765,274.827409546267,624.998013607405
1333.32827757646,271.18138519197,639.573137942585
1326.80018808519,267.503438252329,654.068503993131
1320.11600887704,263.794028669042,668.482367445803
1313.27666024626,260.053620774328,682.812995263375
1306.28308010477,256.282681213983,697.058673404201
1299.13622659807,252.481680483479,711.217700827902
11667.1440241184,2245.67645778275,6550.39574114763
9616.79809146364,1832.86665078363,5535.25022693169
11682.6439452454,2204.27305801618,6891.42777771431
9720.18417427971,1815.19946674918,5874.4848650218
6502.24872600517,1201.53411183575,4024.94530462221
12530.924042534,2290.71142727315,7942.58855634591
12449.0103745161,2250.73149936873,8077.64992249401
8546.70215688646,1527.81302856393,5675.64922830174
6140.42296960161,1084.99548231956,4172.38307262594
9850.35794931085,1719.92100111129,6847.23522790992
12106.9741725221,2088.2427134022,8607.77073003659
6211.53311064713,1058.00512639466,4516.12584088249
10706.3875434497,1800.20707644261,7958.81251406816
10073.1732095028,1671.37883491885,7654.92691262893
7844.73309873402,1283.94203379959,6093.38958093222
5823.97028307307,939.863798363942,4623.25266423425
9552.00788288793,1519.24709808745,7748.49713785824
6387.55781846249,1000.81716172286,5294.23734971512
9990.75256479982,1541.31095613754,8459.96664834999
8683.0111269768,1318.27918032021,7511.0976185346
5577.67007401782,832.90087239702,4928.48779156914
9074.34396223702,1331.99346771075,8189.80469548746
8782.04028486323,1266.3523462188,8095.15471020102
7619.63091627046,1078.63049562121,7173.20671878898
6682.86537019889,928.043023919079,6425.01736433808
7380.00465152855,1004.60041583896,7245.81278759416
6051.13330331373,806.760910477085,6067.04110612501
5884.26297431698,767.687625027656,6024.72247617598
6610.31493763531,843.105262258224,6911.47956439647
7705.08009496274,959.739556185607,8226.8432226158
5409.99464785313,657.35772714015,5898.8521344252
9961.48976358535,1179.31083142693,11092.2886434901
7211.85212628417,830.755616311287,8201.35571155565
8046.32112293268,900.568486426017,9345.40558000942
4805.72097221865,521.772481340529,5700.92808360533
4746.28665375745,499.024191951108,5751.16435606964
9372.63609086203,952.43996099735,11601.4253083449
8180.09500181111,801.705679357757,10344.1107412489
8810.68649586331,830.834204382317,11383.3943892445
4893.51203668561,442.809912461885,6460.35781521645
5158.57986399025,446.598843540734,6959.71365985428
6568.91397868687,542.247340738085,9058.08537371526
5923.77389454853,464.447077453359,8349.9578592964
6536.00163033453,484.560411195227,9419.05817819453
4188.22944500362,292.089438407437,6171.73414314579
4123.7892852178,268.900510736585,6214.87029646733
6752.43290056287,408.720349256884,10409.6932597691
5751.84682535245,320.372496910002,9072.27447379142
4698.59428429298,238.254397738349,7584.08879503969
7713.67123152746,351.323381452556,12744.5658699868
3919.66105669915,157.581481425946,6630.54970147998
6384.25845887218,221.332951886938,11060.2339915756
5548.12961672685,160.512352376467,9846.37710901198
5938.58724246809,136.451627677809,10799.9071512068
6235.40364335121,104.713495586459,11623.7888204973
3455.44315030704,35.8144170452819,6605.12570813478
4447.78827676034,16.3435514145623,8721.13018561987
5538.24006622795,-18.247234921923,11143.4236712117
6494.33170036629,-68.5981093256182,13414.569687414
3177.01702270605,-57.6653434989149,6739.77575153959
3106.52004535482,-81.0249227607313,6771.48039288055
5428.39381146678,-186.64330426075,12164.0117249661
5929.0276954601,-255.427479521349,13665.0380209177
3163.29485612149,-165.14826022863,7502.90016344878
4350.97302321955,-268.881240306936,10626.5850837422
3259.86215239156,-234.352071873081,8203.45483434858
2676.67891980287,-220.898807995859,6945.03519169892
3661.06548617985,-343.250057383372,9801.13092120539
2530.98007074411,-267.354602557126,6996.47097116998
3955.57146609019,-467.60929221604,11299.9192212663
4768.36111453053,-627.384875078705,14089.3324376493
4620.77697324763,-673.621753859286,14135.0861770921
3674.53357079608,-591.338123828771,11648.9075906132
3321.68638595662,-588.322017575888,10924.7612918929
2347.39900055961,-456.46530190151,8018.96765704115
2012.79603168283,-428.890203534933,7150.86457931082
1937.83295170575,-451.799087047956,7169.63904296338
3725.3206955324,-949.317358377902,14375.1753065074
2625.82673151356,-730.862658754663,10584.9383398807
3126.23899992579,-950.11638492162,13188.2440081495
1999.81420210315,-663.664501220872,8845.883512331
1740.8920233426,-631.119156941454,8091.69790314171
2291.63981004209,-908.246930714084,11219.1021308084
2540.47587339036,-1102.04103395605,13134.461561239
1896.57442811456,-901.918667996269,10385.4952061884
1516.59845937395,-792.270985167288,8825.10152035451
2121.88046791418,-1220.80729091425,13169.8371398998
1719.78956823975,-1093.20760495837,11433.7542083038
1805.98340345402,-1273.28835299017,12924.0703300688
1037.67787790354,-815.293526963627,8038.53966852858
1299.80571964674,-1144.65215516366,10972.4878535088
1086.16159777349,-1079.71222549133,10070.7463890078
1327.8968127256,-1503.16822514501,13652.5841913778
1276.29557787884,-1663.47591431036,14722.7443397449
632.127507613507,-962.141218200528,8303.64545554803
483.150175201305,-874.9537868868,7367.97994704027
564.563444824486,-1247.84289997216,10259.2680909383
327.944570041594,-917.79194562011,7371.21411598784
400.20387738284,-1501.55828597612,11787.0982043474
345.195256107494,-1920.46816039186,14742.1470685556
154.849288076522,-1601.33373665813,12026.2899064136
25.2503833224884,-1473.41911565972,10831.0017680121
-63.4403647237177,-1072.09670165589,7717.11372247159
-185.199748662554,-1398.31654099166,9860.10606705636
-341.812485795102,-1684.90153797576,11643.2263606302
-417.561618142875,-1542.97732494607,10452.9828032962
-623.611073196345,-1856.7255095572,12335.6351178004
-866.870728652309,-2173.94868873799,14169.0262831125
-757.713593365592,-1649.27245733102,10548.6476906867
-891.848100010039,-1721.71203129604,10809.5765802666
-971.344629952508,-1690.45411488566,10421.2349369731
-758.715719661141,-1205.55907089325,7299.44474848984
-835.994455175026,-1225.20880629935,7288.01458004419
-913.183343470867,-1244.72617447107,7275.74797482203
-990.274037626143,-1264.10902136799,7262.64601322572
-2110.11009154626,-2537.3623535697,14331.6545923973
-1859.82978902341,-2117.21054699291,11759.0907022428
-1399.47889309033,-1514.74503983305,8274.3336323663
-2529.74775585559,-2613.12691609464,14041.7593210457
-1515.01030119668,-1498.43543353259,7922.20893863818
-1450.28863013323,-1377.46164758349,7166.56186279119
-1653.58439254403,-1512.09159597199,7742.91797501988
-1875.0736545312,-1654.6354857348,8340.51171719732
-3356.58854599971,-2864.3004705962,14214.7067580633
-2966.92941123577,-2452.9058319039,11986.4629180802
-2336.97691037031,-1875.08981542644,9023.64047290375
-1904.6653707831,-1485.43894311419,7040.76238518842
-3329.2351760814,-2527.3494551806,11800.1636234633
-2760.79558155056,-2042.70006485969,9395.82675938663
-2478.40983190024,-1789.41986060184,8109.56117819892
-4407.12501602831,-3108.43606034374,13881.1706234049
-3678.33754341153,-2537.04374151354,11164.8501246152
-3490.06830449226,-2356.18784437806,10219.1514749146
-3950.98720145156,-2613.13407526854,11170.7754279042
-3714.96527666593,-2409.04492680072,10151.2035511929
-5143.4526299799,-3272.72062728044,13594.5404353904
-4374.46845555035,-2733.07588549103,11192.31422275
-2717.08150596635,-1667.97511075098,6734.38233335528
-5006.3721824672,-3021.62566319745,12028.5712236086
-4964.13071009173,-2947.43928728522,11569.2829438554
-2932.86142238484,-1714.01880061759,6634.16430074085
-4655.09679397482,-2679.16429310405,10225.8126343314
-6150.2340434048,-3487.54763421462,13126.9303055058
-3712.27199932703,-2075.03540273138,7702.42979031787
-5936.78114296217,-3272.51970453572,11979.9870851664
-5892.96137039895,-3204.70747235247,11570.308760153
-5534.51951775112,-2970.48145397526,10577.292748339
-6291.75304655155,-3334.03713417218,11708.894977614
-5655.61034845833,-2959.93095246103,10252.4950991478
-6019.47717711513,-3112.4904391122,10633.1339992641
-3629.94456157604,-1854.95361308082,6250.17812467106
-3697.56754017852,-1867.94005716241,6207.64992204768
-7350.91980090609,-3672.19671728294,12036.2741711833
-3831.57154821587,-1893.28684737163,6120.39374666716
-7163.55836364937,-3502.1583024778,11165.7661244298
-6550.96058838985,-3169.46908703111,9965.98226886954
-4029.35350390299,-1929.71714920295,5984.07635232827
-6092.78750164662,-2889.00739918339,8835.05074710485
-7973.95135498682,-3744.32713338051,11292.1367530289
-6602.18260214044,-3070.75000563694,9132.12273489042
-6716.17361997355,-3094.71630802401,9075.15338700941
-4958.53756964965,-2263.99855928141,6546.27056493202
-5942.37661903136,-2688.96073767515,7665.90855275386
-8742.86970962458,-3921.52418353649,11022.2427046092
-9072.72330555433,-4034.47376544545,11179.1862984351
-8710.68158939327,-3840.77158793573,10491.0772092749
-4658.14022547419,-2036.86371346987,5484.15428787197
-6183.6936355019,-2681.90711948517,7117.09815232057
-7327.70022396499,-3152.61220969184,8245.2597263387
-7916.84170650172,-3379.24920023198,8709.41821465095
-4895.30545003902,-2073.33484549327,5265.40225803736
-6127.29020145075,-2575.33232576922,6443.8291141604
-5010.57373693894,-2090.158116199,5152.18289859153
-5437.77583421736,-2251.59096524295,5467.04985127198
-10128.6389023568,-4163.3558359856,9956.47569492949
-10358.3394758352,-4227.19920693836,9955.37479565251
-5234.19146801923,-2120.93045769109,4918.30325136499
-8321.87909518296,-3348.53542454801,7644.7937730925
-5342.4273355908,-2134.86092642434,4797.7457248621
-8741.81939583105,-3469.52082615063,7674.06130566808
-9191.21782911098,-3623.39071936736,7886.54700487865
-10632.1266800455,-4163.63820039687,8916.30338275443
-5551.47593753625,-2159.76720481497,4549.66322574275
-6102.79731245362,-2358.88427532879,4887.15074284176
-8803.84970117901,-3381.12945872694,6888.10645981209
-10339.2854773791,-3945.68343520833,7902.36404819921
-9512.99647769534,-3607.62528973695,7101.59949962669
-10275.1416328027,-3872.51372026241,7490.76367021212
-9510.77912724695,-3562.45899820569,6769.78320190326
-9245.10382757716,-3441.91934793762,6423.9982259765
-11876.7839202928,-4395.0954577172,8054.44044529078
-8723.24689141376,-3208.87359822687,5772.42947981101
-8099.51543923037,-2961.84221568061,5228.50255576664
-8948.12026697754,-3253.01169255506,5633.44769729729
-12230.897687582,-4420.63487387788,7507.63993518615
-9908.41451411266,-3560.60380885145,5928.19038794277
-9782.77930735988,-3495.38255217667,5703.148015425
-6752.46894901145,-2398.98192916068,3834.43849342536
-6281.0638835002,-2218.95062031045,3472.97689117429
-12641.2757335672,-4440.91740586546,6803.33042801298
-8067.952669349,-2818.57133203355,4224.52215319598
-8579.2479649123,-2980.67463241567,4368.7493306527
-12869.7660962373,-4446.83160659146,6370.44804171003
-6471.45543783888,-2223.87800039542,3112.27046813778
-13014.5297167068,-4448.15594863817,6077.85659295745
-6542.30647797449,-2224.01549562761,2965.20637983888
-6576.57555514788,-2223.69037100249,2891.11367912965
-12718.9844585008,-4277.65762041928,5419.76990401539
-10485.7770555372,-3507.87516460669,4328.07638711532
-8409.77657259653,-2798.5178766152,3359.90476620116
-6975.30757255453,-2308.96133459933,2695.34358090892
-9407.06717430933,-3097.60570890456,3512.76452419358
-11335.2598070843,-3713.04543991833,4086.76347594181
-9799.34694299029,-3193.23222854539,3407.83438689192
-10493.8361441733,-3401.80424192617,3516.38964909747
-11384.9685371453,-3671.59722217148,3671.88079937112
-9599.91171630469,-3079.9558619903,2976.4009658822
-8021.3323587793,-2560.25447690185,2387.63508542608
-11384.1919278866,-3614.95532539021,3248.64226285789
-13899.6125326879,-4391.0833534348,3796.70489752873
-13945.6422331594,-4383.07958684486,3640.0853966878
-8725.33678162642,-2728.33633668372,2172.29354618219
-14032.7106971574,-4365.50618407584,3325.48932027414
-7036.86887683162,-2177.96911737671,1583.77605645068
-11220.2719534576,-3455.06481918249,2392.40464903
-7727.40978112589,-2367.38064343715,1556.5937303223
-14186.7249775868,-4324.12110405388,2691.42158750617
-13172.4377210025,-3994.50585103085,2345.31066678024
-14253.5885976905,-4300.32655581603,2372.26840050829
-14284.4684536835,-4287.65812190233,2212.23215226461
-13108.4638325863,-3914.57566685347,1879.14941768586
-7170.55202743281,-2130.39299143691,945.670601464229
-14366.8524577828,-4246.5853233613,1730.52700410118
-14390.8834473877,-4231.87709298833,1569.49407079726
-7206.59699018053,-2108.33149897078,704.131361515326
-7216.89062884907,-2100.47241119614,623.426677657819
-7226.32136656675,-2092.36221184333,542.643191963393
-7234.88805704667,-2084.0018655724,461.791117883647
-10878.1841374269,-3117.18617076803,572.073016196569
-14498.8506826445,-4133.06954782257,599.844228859904
-13603.8492803962,-3857.67726541353,410.485170520818
-9277.08167893535,-2616.92892822676,176.203420088149
-7264.72951422825,-2038.48424907248,56.8600981678793
-14536.1898451469,-4057.29063522313,-48.3770431347392
-10037.1817038202,-2786.66362548972,-145.277464936187
-14544.440033176,-4016.48312611789,-372.532438899203
-14545.9591265775,-3995.35855389991,-534.549643379941
-14545.7411236255,-3973.75693536856,-696.49923345842
-13532.8855268056,-3677.00985116725,-798.698351866156
-12526.0502935637,-3384.88295378779,-878.811108783499
-13442.3818542438,-3612.5702559043,-1092.92986586022
-7263.75591442795,-1941.31758445188,-671.606638470988
-14416.2864034369,-3831.49232801174,-1493.91432431742
-7253.99972153851,-1917.1428006531,-832.817396797031
-14230.1969541971,-3739.66383398457,-1793.09203005294
-12912.3450496688,-3374.06180014132,-1771.88093970261
-13895.9884778324,-3610.30837115281,-2063.04944947976
-9329.96343855878,-2410.02504222236,-1490.26052165225
-14429.0161401725,-3705.47609880854,-2467.66197314702
-8924.12856725807,-2278.33091090548,-1627.25672857818
-10441.9531139058,-2650.04632167027,-2022.5983668461
-9216.01473350381,-2324.9397729082,-1890.12024212171
-8869.31927579372,-2223.97922182995,-1920.39495724696
-10305.5455114702,-2568.36853453172,-2349.59146273934
-8161.01760762564,-2021.38734031491,-1954.63836681072
-7123.27568945904,-1753.37855927699,-1788.46024073859
-8513.76074690203,-2082.47013364641,-2236.45121662449
-14179.1826235361,-3446.19172312637,-3890.11443065374
-13867.8152522364,-3348.84808805374,-3967.27218849654
-13973.8091062743,-3352.49661841181,-4162.25262918706
-9279.06314198917,-2211.51284558251,-2873.79180085014
-7944.93215734318,-1880.92550227789,-2555.2432799081
-11541.5408231648,-2713.96407793994,-3850.26736363548
-11009.3735083173,-2571.12477972636,-3805.44634843425
-10860.7595337556,-2518.84115808972,-3885.82425414884
-9652.69464061583,-2222.93803948442,-3571.45877685149
-6896.90860969638,-1576.98642166017,-2636.61799715743
-8375.34489204974,-1901.19035111053,-3305.50382304003
-7616.6635417607,-1716.28727029427,-3101.06884565978
-12069.2995333176,-2699.35842439205,-5065.59949070881
-6790.11071726244,-1507.15385529035,-2935.87538746734
-8128.39274398448,-1790.33590922109,-3618.30458003974
-6731.9408637108,-1471.17356731589,-3083.36299084504
-11217.6485854895,-2431.98893611046,-5283.59714266957
-6670.63500464184,-1434.50819743986,-3229.32977920409
-8765.90488275727,-1869.58887914868,-4359.5982791061
-10868.3822101197,-2298.59533941993,-5550.3284501889
-13145.7480944992,-2756.5325870719,-6890.55714515555
-13077.5167076163,-2718.39346320067,-7032.85496015557
-13007.7726037915,-2679.94003961451,-7174.29112646773
-7123.32580047818,-1454.32906388967,-4027.82450191772
-12280.1236162958,-2484.0453558335,-7116.28342613544
-10467.7747883088,-2097.50781556764,-6214.80260834607
-9780.85733675068,-1941.02106536227,-5947.57904413393
-9297.94995776283,-1827.05755364857,-5789.17169633822
-6279.05237646013,-1221.44551530441,-4001.95514887667
-12478.0571024037,-2402.37400931956,-8138.86664693093
-8721.44677763394,-1661.45915359788,-5820.24156818854
-10837.5775723869,-2042.34679253707,-7398.15224985627
-9038.01550358568,-1684.41708220414,-6309.74613652736
-7717.07199862514,-1421.95445697088,-5508.76424265376
-6028.30346809303,-1097.88250270802,-4399.26680860312
-7455.5000878432,-1341.62000955152,-5561.24105106613
-5939.17130712013,-1055.66912681644,-4527.53676942598
-10294.0788025725,-1806.70924847844,-8018.65182073512
-8184.45964386475,-1417.85230927802,-6513.63006710932
-8452.50235564851,-1444.77121529642,-6872.01120029111
-9385.16499295338,-1582.16442813259,-7793.93685757588
-9214.1639218541,-1531.35010028075,-7815.24863833218
-11311.5930162009,-1852.47819389304,-9798.11330069631
-8807.44380931671,-1420.62684555239,-7790.48803319119
-7592.82519569773,-1205.62288177306,-6857.76863690134
-10816.7955237232,-1689.8486308518,-9975.05812379707
-9351.26834430752,-1436.51036002276,-8804.43724856846
-6311.54650395318,-952.784043502556,-6066.83385426542
-7214.13769092542,-1069.4903115261,-7079.31082233492
-5528.68208422834,-804.342963353458,-5538.56713006377
-9370.33438916039,-1336.82235874666,-9582.8159674161
-7073.08803240805,-988.722574181007,-7384.24913145037
-5133.29364586824,-702.473064337985,-5470.83394668244
-10155.5951590754,-1359.24987990093,-11049.1239134628
-7207.37578672414,-942.521260020054,-8005.22489161072
-8684.75841217021,-1108.44801536458,-9847.83760388197
-9815.92154415509,-1221.28025400829,-11363.6503123952
-6823.76894878802,-826.557111299604,-8065.58145632138
-6940.79874763715,-817.351156088219,-8376.6515772311
-4798.79535011625,-548.542712059034,-5913.87398209747
-8934.16978447536,-989.631717061135,-11243.6238534968
-9228.3232707512,-988.712153488974,-11861.0985229428
-8940.16974094233,-924.527414727838,-11736.5380011781
-8181.97832897511,-814.812145409834,-10972.1392955287
-7046.48086422048,-674.026080057284,-9653.73150092284
-4513.8334405981,-413.519825385615,-6318.50516528629
-5930.29929514963,-518.620696286151,-8483.05105267756
-5496.32894317372,-457.136993214738,-8035.64264929777
-5104.00007015084,-401.996649507139,-7627.84646113582
-4837.69825105559,-359.030224392275,-7391.79138798202
-5947.06669041536,-413.475237013533,-9292.12855379537
-4963.90888984433,-321.093507088119,-7932.7770805175
-3924.59681452924,-234.242224645186,-6416.21787775454
-7718.42973291975,-420.785103697828,-12912.0564575053
-5749.52801818633,-282.701421089403,-9844.35760437404
-5360.7684435628,-233.90502043786,-9396.88911434445
-3660.60072903642,-138.719033653456,-6571.00168243953
-6489.05607102385,-207.288414988285,-11931.9305761842
-3526.21065953319,-90.8589261120793,-6643.90082332944
-4912.06664631943,-95.0377140191884,-9486.56305249229
-5416.18840651216,-68.6320072906675,-10725.5864197109
-5160.95836932928,-29.525536770427,-10483.4078481908
-3252.95310820786,4.95482288329229,-6780.58044135991
-3183.75091459777,28.9127360534858,-6812.83252312127
-4479.24770392734,76.0404327979502,-9844.35091477156
-5050.99029238162,127.448812053173,-11406.6385791589
-3205.71839318402,108.601647303028,-7442.59177692489
-4298.56332015406,184.586187249687,-10265.310126836
-4467.1048429616,234.332670215272,-10979.226582774
-2761.67758131998,172.501092016891,-6990.01651231067
-3960.58835502052,289.112940108022,-10330.0972344688
-2618.56024933022,220.242404827847,-7042.79542496847
-5093.16377663933,488.157887335085,-14135.9923380201
-4891.60864107434,529.60109433608,-14021.2476284145
-4104.28113388474,498.413031431853,-12159.962657546
-3367.44594396532,456.049118068649,-10321.5712924275
-3687.46028956263,554.314271480968,-11704.1781201275
-2305.95059826344,383.289085699997,-7587.20198273731
-3189.72933107215,584.40953914585,-10891.5040242666
-2443.68473548393,492.264452120501,-8669.70331998171
-3499.62556756498,773.565654103331,-12917.2781210789
-2904.01115865883,703.288042474383,-11167.3747707024
-2931.21422604995,776.900472291258,-11761.7043200638
-1834.40627486221,531.733145735513,-7693.34029991711
-3018.60909218775,956.641590119933,-13256.1744558528
-3178.44650774216,1101.35703377463,-14645.0643203296
-1734.33904010646,657.367557172105,-8403.06846825115
-1439.00268117888,597.111486348663,-7349.51492325486
-1363.66235813961,620.234959796113,-7361.77794518201
-1288.17928548129,643.293230396589,-7373.22067791483
-2425.12282730838,1332.56782763142,-14767.6843470319
-1303.4003620793,790.197383802042,-8477.07039334194
-1192.88631724682,800.599309326104,-8323.15950640492
-1732.86510264003,1292.7748972218,-13037.7113192317
-928.329853821191,773.7162427471,-7576.66940297967
-1608.77434472428,1507.17784075094,-14343.8212628808
-945.045523489613,1002.77109042565,-9282.5379621379
-981.260900285567,1190.45551255648,-10727.0642405569
-619.869266337476,870.160910296436,-7638.13925522045
-708.563102627703,1168.87201361839,-10001.6981934212
-858.789157859625,1699.50084953551,-14184.9541708343
-718.644861018343,1755.66316755353,-14302.5127227817
-537.275747236034,1690.28067905505,-13447.5897329042
-220.886982309338,957.940200580814,-7446.88320326275
-288.437629325107,1959.47648395039,-14891.8927854672
-95.1385818704773,1410.73913808503,-10486.7636688105
9.15492191912262,1023.02455351266,-7441.59127082411
116.96857218903,1423.20889262782,-10134.9836057032
190.872788010066,1251.79364467421,-8730.55208501117
356.461513967807,1620.16447827257,-11071.1676445198
488.815909062427,1715.3391203145,-11488.7267259598
605.75684899593,1743.21791073459,-11447.6239303084
803.653134668499,1970.99716267552,-12695.1561346117
557.861055828906,1197.53882448969,-7567.79721705427
1243.95007684365,2383.41835836263,-14782.2561425901
973.883746238363,1690.50407320959,-10293.0379138558
1549.3822551246,2465.35215891591,-14740.5449352755
1380.94299605307,2033.38942897289,-11941.9969450891
1847.23055409639,2536.72661480803,-14637.3024756453
1278.07274622734,1647.57157241035,-9342.57663614111
1563.91285869018,1902.97997293073,-10606.9541879544
1154.92484623773,1332.7938840878,-7303.78506917502
1958.55881427132,2152.34771858588,-11598.8760022967
1781.23769689015,1870.75917269598,-9915.74909266346
2663.7245478989,2682.08622599874,-13985.1192859177
2913.96404034525,2820.76137816872,-14471.8248758947
2779.0044308212,2592.68524617729,-13090.13819336
2510.90358625782,2262.74963437983,-11244.4652464073
1681.94606299358,1467.01882206595,-7176.50160711061
3199.12776441002,2705.58010513821,-13030.9447587675
3662.10032250323,3008.01423243074,-14265.7368698587
3810.63325856213,3044.52781937693,-14219.699098953
3958.76407366657,3080.71944908739,-14172.0634914559
2285.52088865542,1734.58187270752,-7860.27392211183
4253.75543794309,3152.12052114359,-14072.0153218432
2200.29202395805,1593.66092715848,-7009.80570772447
4303.37297386895,3049.57699923016,-13217.5076155821
2619.81262145892,1818.08512139412,-7765.41867444193
4574.65148689589,3111.61209011582,-13098.3055004405
4983.07886946134,3324.70546745776,-13794.2385031355
2563.70899753674,1679.08804252773,-6866.99033290179
2635.60573364254,1695.64436249116,-6836.08370613198
3146.06468545406,1989.53963602675,-7907.40161669137
3565.1319029373,2217.45407283438,-8689.02790658566
3912.50572487196,2394.83423410187,-9252.34806272804
4949.05542481087,2982.7496341266,-11362.5475433636
4274.41042526608,2537.83672497976,-9532.90721663829
5921.2837351676,3464.99583595445,-12834.6930828845
3973.03906186856,2292.47120247571,-8373.82759395413
5421.16987055644,3085.69054546536,-11115.3748992897
4561.66836702541,2562.33262460985,-9102.71923789585
4699.16483247676,2605.85246753253,-9129.76648669057
6646.31925589478,3639.85432856037,-12576.9810986814
6948.40624186167,3759.32584405388,-12811.2453985045
5202.48859490932,2781.62580520698,-9349.18052948134
6547.56158621195,3460.69895486933,-11471.882267714
6193.95188317385,3237.24857041029,-10583.8473869039
4321.49422331779,2234.0215807681,-7203.61129262412
5687.0763739557,2908.7284248586,-9250.35220392611
5411.14016417292,2738.88425724052,-8590.44852014033
7878.6006107345,3947.3877961299,-12210.4583392754
4542.10528090952,2253.17011646678,-6873.6461482042
6904.01924780074,3391.64689209538,-10203.8457500658
5409.42183352422,2632.2241951132,-7809.50079278008
5268.31464597669,2539.77158403577,-7430.65821725103
5595.09284984958,2672.79061531248,-7711.03841527655
4321.31001773384,2045.9166168459,-5820.12346154691
8082.75882001381,3793.35758260002,-10640.0423852887
8889.85543224701,4136.41498230216,-11439.2052797941
8076.27349331382,3726.28610817336,-10159.5590736925
4566.58599067863,2089.5859484346,-5616.40445044293
5031.33197312653,2283.59921292222,-6050.4522425639
7487.86845097503,3371.51974444134,-8805.04457301663
9490.54012559985,4239.83357093568,-10913.356093243
9607.57577878713,4259.11623025965,-10804.28598257
4861.77183858615,2138.96262007334,-5346.97071061937
8681.5006830238,3791.0487372505,-9337.92717110906
9483.69423716755,4111.01425746027,-9976.59890590167
10036.1631697538,4319.11721992433,-10325.8118344311
8599.21367658968,3674.4211617969,-8652.95388883709
8937.46418646423,3792.21277277703,-8795.53254952762
6204.02865304766,2614.23070225432,-5971.07038415538
6127.96627331396,2564.60275322223,-5767.78510144084
5552.32880021145,2308.09050734955,-5110.4746070782
7102.84080399615,2933.07003147735,-6392.72159474494
10023.6681546908,4112.13185534176,-8820.99410667919
7915.83365066951,3226.43491029305,-6810.6609177626
11011.9518834513,4459.75491932639,-9262.28809779981
7322.44858855603,2946.84093613173,-6020.41252246175
11227.0752047216,4490.06521070964,-9021.98000820984
8810.6939189852,3501.97104232688,-6919.18118759702
6567.89914828492,2594.62696765968,-5039.86624615782
9622.68543297839,3778.49823301041,-7213.89353434216
6579.28508033059,2568.05013174038,-4817.92685362046
7757.968030442,3010.23885253397,-5548.28406342414
8204.63651964578,3164.94228889086,-5729.46642189037
8590.15360214598,3294.46705380135,-5856.0982404003
9358.54472188417,3568.56574595641,-6226.8738732839
8107.20783579373,3073.83292046668,-5263.59055157322
11818.6684245563,4455.76822201893,-7485.41300363114
12235.2497718712,4587.04102425142,-7557.46576718922
6159.34431780588,2296.35912374162,-3709.24572464401
6200.35390886766,2298.93301144828,-3639.30571880094
7183.82329605818,2649.03781448285,-4108.30681650101
10468.41624589,3839.31337378775,-5830.93465088851
7923.11612107626,2890.18259565273,-4296.7292048296
11165.5092671088,4051.16891741947,-5892.90565433017
10604.3146305616,3827.12036414485,-5444.46871320247
9484.60216131797,3404.95024899136,-4734.94504333166
9500.09719850562,3392.62279273828,-4609.29993403264
6866.3057116599,2439.26843689845,-3236.05306024622
7692.31835769598,2718.53567022601,-3519.61468965723
10757.0113462206,3782.00829510102,-4775.50041572396
13206.1391851685,4619.24377374827,-5684.85673948008
9060.27571394439,3152.90623095252,-3779.28892819452
13332.9044452615,4616.13907883977,-5385.26662993203
9882.3841402614,3404.15688883125,-3862.11378247602
11007.8478403694,3772.70294564471,-4159.01254745308
6755.66327099051,2303.71417473757,-2465.46119717191
11035.9333764708,3744.44575197795,-3886.61328065406
8057.76105786521,2720.30513747959,-2735.69378290338
12620.0417002462,4239.3093835737,-4126.00097859088
13726.9829610915,4588.24142939566,-4316.64028265136
11457.1921302484,3810.58286965886,-3460.95501743462
11272.7056081223,3730.68067264458,-3266.5610646849
7136.88064673307,2350.27751154506,-1980.89382299938
9180.36331215001,3008.32627899927,-2436.62590412494
7073.57270852304,2306.5414611683,-1792.10342847062
7000.91212439189,2271.62649128063,-1689.72821216426
8684.91237889628,2804.20356721393,-1992.60379905108
14080.2494645195,4523.9485074716,-3063.47031201879
7058.48098213887,2256.74576514383,-1452.44561751319
10470.933984842,3331.35746234487,-2031.70122479227
11397.9041574889,3608.48624162381,-2078.37486900005
11744.1285065054,3699.8521062662,-2004.88646689321
10389.4441027559,3257.00287005665,-1653.2716828761
11279.1847471335,3518.55229154745,-1664.71907085109
14301.9082950207,4439.54465103572,-1946.45546354605
14326.8016104152,4425.36357090826,-1785.74175592297
8016.29259341971,2463.91162620751,-907.659007358811
11735.1619917685,3589.1247323773,-1195.16555084899
9229.05367100136,2808.66548997327,-835.181264838498
9900.99373194459,2998.19549470262,-783.900405573319
7212.80999228272,2173.29328167056,-489.601708040114
7220.11640868552,2164.63427412519,-408.721816732484
7226.56139471689,2155.71696150422,-327.79029941028
11796.7954422597,3501.35742083623,-402.599000258095
11955.5401662682,3530.57961377313,-273.928980609819
12495.2970657576,3671.29477313578,-146.318671394532
8990.82742392874,2628.20382647803,-4.65719995460384
11990.3258133677,3487.12331739457,127.889056032393
10815.2230512374,3129.23617594938,236.255771559401
10437.8342188955,3004.47611725783,344.665354687071
7844.16200424705,2246.20155027741,346.686094621945
13534.5707410509,3855.47687306702,749.478583497843
12235.1406142363,3467.05707128146,814.354360431766
13183.9821636927,3716.23619706105,1025.05268124749
7817.13336620014,2191.76736888036,695.344708108475
7231.66406531777,2016.78796905671,724.365453119711
8650.46849975819,2399.50011586031,963.625837373273
14438.9420844871,3983.44651293056,1770.84947991553
7710.08417098961,2115.47424388768,1032.48090198544
9835.28065466008,2683.7503944207,1428.13843451627
12429.0043881112,3372.71274420225,1945.44404321368
9106.05472677421,2457.20264183567,1528.65510500848
7173.91238041923,1924.92437946436,1285.93803546842
8178.79531931064,2182.08725607426,1559.41921461264
8314.18445335713,2205.48926647831,1680.44323923216
14272.5808374915,3764.14823927616,3048.75674559806
9974.27608791185,2615.16991072743,2245.65036865191
9407.75392869751,2452.07176121255,2227.05150166132
14182.0176923744,3674.40714205563,3522.17578746858
14148.4448144017,3643.61280040132,3679.12046728539
12681.4577055772,3245.92180488618,3446.49432075383
7038.12457205718,1790.36308972508,1995.79975611
11654.6297808171,2946.23003634281,3443.09072431981
13997.3543428079,3516.13534086555,4302.06840260121
13066.5632085622,3261.35893481781,4172.65811882591
10001.3213866539,2480.14451801043,3314.43838777089
11102.719137634,2735.23537438818,3814.18898260803
9390.8001120316,2298.13526637482,3340.79067106417
11038.43984614,2683.17307435734,4062.68217633001
8879.41222345989,2143.64059919792,3378.00932713242
13669.1382815004,3277.1230763311,5370.66473337244
11733.6693344212,2793.34564182612,4757.66060546806
10543.4954315819,2492.11572137068,4408.60342879814
13504.0687572296,3168.78396818167,5818.91359401574
13445.8452583623,3131.9163826691,5966.89860680257
